,id2,geography,totpop2010,totonerace2010,totwhiteonerace2010,pcwhiteonerace2010,PoliticalAffiliation,AvgYearsEduc
1,26163500100,"Census Tract 5001, Wayne County, Michigan",4032,3962,377,9.399999619,Dem,10
2,26163500200,"Census Tract 5002, Wayne County, Michigan",3207,3179,234,7.300000191,Dem,10
3,26163500300,"Census Tract 5003, Wayne County, Michigan",3137,3079,199,6.300000191,Dem,10
4,26163500400,"Census Tract 5004, Wayne County, Michigan",1664,1635,63,3.799999952,Dem,10
5,26163500500,"Census Tract 5005, Wayne County, Michigan",2205,2180,52,2.400000095,Dem,10
6,26163500600,"Census Tract 5006, Wayne County, Michigan",3714,3626,137,3.700000048,Dem,10
7,26163500700,"Census Tract 5007, Wayne County, Michigan",4391,4276,337,7.699999809,Dem,10
8,26163500800,"Census Tract 5008, Wayne County, Michigan",2485,2462,270,10.89999962,Dem,10
9,26163500900,"Census Tract 5009, Wayne County, Michigan",4035,3970,134,3.299999952,Dem,10
10,26163501000,"Census Tract 5010, Wayne County, Michigan",3499,3433,81,2.299999952,Dem,10
11,26163501100,"Census Tract 5011, Wayne County, Michigan",3762,3716,105,2.799999952,Dem,10
12,26163501200,"Census Tract 5012, Wayne County, Michigan",1963,1943,53,2.700000048,Dem,10
13,26163501300,"Census Tract 5013, Wayne County, Michigan",3836,3773,90,2.299999952,Dem,10
14,26163501400,"Census Tract 5014, Wayne County, Michigan",3895,3810,291,7.5,Dem,10
15,26163501500,"Census Tract 5015, Wayne County, Michigan",4095,4034,524,12.80000019,Dem,10
16,26163501600,"Census Tract 5016, Wayne County, Michigan",1997,1928,428,21.39999962,Dem,10
17,26163501700,"Census Tract 5017, Wayne County, Michigan",2357,2287,598,25.39999962,Dem,10
18,26163501800,"Census Tract 5018, Wayne County, Michigan",4448,4294,774,17.39999962,Dem,10
19,26163501900,"Census Tract 5019, Wayne County, Michigan",3055,2997,123,4,Dem,10
20,26163502000,"Census Tract 5020, Wayne County, Michigan",2348,2309,87,3.700000048,Dem,10
21,26163503100,"Census Tract 5031, Wayne County, Michigan",3081,3051,169,5.5,Dem,10
22,26163503200,"Census Tract 5032, Wayne County, Michigan",3817,3728,209,5.5,Dem,10
23,26163503300,"Census Tract 5033, Wayne County, Michigan",4302,4235,146,3.400000095,Dem,10
24,26163503400,"Census Tract 5034, Wayne County, Michigan",1557,1531,76,4.900000095,Dem,10
25,26163503500,"Census Tract 5035, Wayne County, Michigan",3936,3877,113,2.900000095,Dem,10
26,26163503600,"Census Tract 5036, Wayne County, Michigan",1939,1904,94,4.800000191,Dem,10
27,26163503900,"Census Tract 5039, Wayne County, Michigan",2250,2213,36,1.600000024,Dem,10
28,26163504000,"Census Tract 5040, Wayne County, Michigan",1483,1467,36,2.400000095,Dem,10
29,26163504100,"Census Tract 5041, Wayne County, Michigan",1748,1714,37,2.099999905,Dem,10
30,26163504200,"Census Tract 5042, Wayne County, Michigan",2426,2394,17,0.699999988,Dem,10
31,26163504300,"Census Tract 5043, Wayne County, Michigan",2695,2640,68,2.5,Dem,10
32,26163504400,"Census Tract 5044, Wayne County, Michigan",1999,1982,29,1.5,Dem,10
33,26163504700,"Census Tract 5047, Wayne County, Michigan",2097,2071,28,1.299999952,Dem,10
34,26163504800,"Census Tract 5048, Wayne County, Michigan",793,785,44,5.5,Dem,10
35,26163504900,"Census Tract 5049, Wayne County, Michigan",3495,3446,109,3.099999905,Dem,10
36,26163505000,"Census Tract 5050, Wayne County, Michigan",1263,1244,44,3.5,Dem,10
37,26163505100,"Census Tract 5051, Wayne County, Michigan",3776,3730,231,6.099999905,Dem,10
38,26163505200,"Census Tract 5052, Wayne County, Michigan",3348,3299,86,2.599999905,Dem,10
39,26163505400,"Census Tract 5054, Wayne County, Michigan",3001,2941,96,3.200000048,Dem,10
40,26163505500,"Census Tract 5055, Wayne County, Michigan",1472,1456,87,5.900000095,Dem,10
41,26163506100,"Census Tract 5061, Wayne County, Michigan",1921,1893,114,5.900000095,Dem,10
42,26163506200,"Census Tract 5062, Wayne County, Michigan",2285,2258,88,3.900000095,Dem,10
43,26163506300,"Census Tract 5063, Wayne County, Michigan",2352,2303,91,3.900000095,Dem,10
44,26163506400,"Census Tract 5064, Wayne County, Michigan",3095,3060,717,23.20000076,Dem,10
45,26163506500,"Census Tract 5065, Wayne County, Michigan",2256,2210,55,2.400000095,Dem,10
46,26163506600,"Census Tract 5066, Wayne County, Michigan",3240,3183,104,3.200000048,Dem,10
47,26163506700,"Census Tract 5067, Wayne County, Michigan",1229,1209,41,3.299999952,Dem,10
48,26163506800,"Census Tract 5068, Wayne County, Michigan",3865,3797,153,4,Dem,10
49,26163506900,"Census Tract 5069, Wayne County, Michigan",3818,3749,117,3.099999905,Dem,10
50,26163507000,"Census Tract 5070, Wayne County, Michigan",2948,2904,31,1.100000024,Dem,10
51,26163507100,"Census Tract 5071, Wayne County, Michigan",2617,2584,27,1,Dem,10
52,26163507200,"Census Tract 5072, Wayne County, Michigan",1434,1415,18,1.299999952,Dem,10
53,26163507300,"Census Tract 5073, Wayne County, Michigan",2814,2769,30,1.100000024,Dem,10
54,26163507400,"Census Tract 5074, Wayne County, Michigan",3153,3114,54,1.700000048,Dem,10
55,26163507500,"Census Tract 5075, Wayne County, Michigan",2479,2448,98,4,Dem,10
56,26163507800,"Census Tract 5078, Wayne County, Michigan",772,758,65,8.399999619,Dem,10
57,26163507900,"Census Tract 5079, Wayne County, Michigan",2200,2137,271,12.30000019,Dem,10
58,26163508000,"Census Tract 5080, Wayne County, Michigan",1343,1306,263,19.60000038,Dem,10
59,26163508100,"Census Tract 5081, Wayne County, Michigan",2227,2182,190,8.5,Dem,10
60,26163510400,"Census Tract 5104, Wayne County, Michigan",976,958,12,1.200000048,Dem,10
61,26163510500,"Census Tract 5105, Wayne County, Michigan",3723,3621,402,10.80000019,Dem,10
62,26163510600,"Census Tract 5106, Wayne County, Michigan",4206,4007,1299,30.89999962,Dem,10
63,26163510700,"Census Tract 5107, Wayne County, Michigan",1888,1739,1140,60.40000153,Dem,10
64,26163511000,"Census Tract 5110, Wayne County, Michigan",1971,1938,91,4.599999905,Dem,10
65,26163511200,"Census Tract 5112, Wayne County, Michigan",1442,1388,15,1,Dem,10
66,26163511300,"Census Tract 5113, Wayne County, Michigan",2510,2425,539,21.5,Dem,10
67,26163511400,"Census Tract 5114, Wayne County, Michigan",2681,2619,59,2.200000048,Dem,10
68,26163511900,"Census Tract 5119, Wayne County, Michigan",1462,1407,62,4.199999809,Dem,10
69,26163512100,"Census Tract 5121, Wayne County, Michigan",3532,3468,61,1.700000048,Dem,10
70,26163512200,"Census Tract 5122, Wayne County, Michigan",1321,1308,15,1.100000024,Dem,10
71,26163512300,"Census Tract 5123, Wayne County, Michigan",1677,1627,30,1.799999952,Dem,10
72,26163512400,"Census Tract 5124, Wayne County, Michigan",1481,1472,23,1.600000024,Dem,10
73,26163512600,"Census Tract 5126, Wayne County, Michigan",1953,1929,61,3.099999905,Dem,10
74,26163512900,"Census Tract 5129, Wayne County, Michigan",1639,1597,99,6,Dem,10
75,26163513200,"Census Tract 5132, Wayne County, Michigan",1843,1807,224,12.19999981,Dem,10
76,26163513300,"Census Tract 5133, Wayne County, Michigan",2300,2242,244,10.60000038,Dem,10
77,26163513600,"Census Tract 5136, Wayne County, Michigan",1469,1445,65,4.400000095,Dem,10
78,26163513700,"Census Tract 5137, Wayne County, Michigan",3256,3211,52,1.600000024,Dem,10
79,26163513900,"Census Tract 5139, Wayne County, Michigan",2235,2196,34,1.5,Dem,10
80,26163514100,"Census Tract 5141, Wayne County, Michigan",3486,3430,54,1.5,Dem,10
81,26163514200,"Census Tract 5142, Wayne County, Michigan",2726,2689,17,0.600000024,Dem,10
82,26163514300,"Census Tract 5143, Wayne County, Michigan",3075,3043,64,2.099999905,Dem,10
83,26163514500,"Census Tract 5145, Wayne County, Michigan",1416,1403,18,1.299999952,Dem,10
84,26163515200,"Census Tract 5152, Wayne County, Michigan",2032,2007,116,5.699999809,Dem,10
85,26163515300,"Census Tract 5153, Wayne County, Michigan",3117,3073,211,6.800000191,Dem,10
86,26163515400,"Census Tract 5154, Wayne County, Michigan",1344,1297,438,32.59999847,Dem,10
87,26163515600,"Census Tract 5156, Wayne County, Michigan",1385,1354,31,2.200000048,Dem,10
88,26163515700,"Census Tract 5157, Wayne County, Michigan",3295,3204,389,11.80000019,Dem,10
89,26163515900,"Census Tract 5159, Wayne County, Michigan",1643,1631,34,2.099999905,Dem,10
90,26163516000,"Census Tract 5160, Wayne County, Michigan",3052,3003,67,2.200000048,Dem,10
91,26163516100,"Census Tract 5161, Wayne County, Michigan",734,727,11,1.5,Dem,10
92,26163516200,"Census Tract 5162, Wayne County, Michigan",774,763,21,2.700000048,Dem,10
93,26163516300,"Census Tract 5163, Wayne County, Michigan",890,880,51,5.699999809,Dem,10
94,26163516400,"Census Tract 5164, Wayne County, Michigan",1095,1075,86,7.900000095,Dem,10
95,26163516500,"Census Tract 5165, Wayne County, Michigan",1404,1358,252,17.89999962,Dem,10
96,26163516600,"Census Tract 5166, Wayne County, Michigan",2058,2006,15,0.699999988,Dem,10
97,26163516700,"Census Tract 5167, Wayne County, Michigan",2977,2913,30,1,Dem,10
98,26163516800,"Census Tract 5168, Wayne County, Michigan",1041,1013,35,3.400000095,Dem,10
99,26163516900,"Census Tract 5169, Wayne County, Michigan",1991,1948,93,4.699999809,Dem,12
100,26163517000,"Census Tract 5170, Wayne County, Michigan",2360,2320,583,24.70000076,Dem,12
101,26163517100,"Census Tract 5171, Wayne County, Michigan",1062,1044,109,10.30000019,Dem,12
102,26163517200,"Census Tract 5172, Wayne County, Michigan",1438,1395,408,28.39999962,Dem,12
103,26163517300,"Census Tract 5173, Wayne County, Michigan",1943,1896,298,15.30000019,Dem,12
104,26163517500,"Census Tract 5175, Wayne County, Michigan",2192,2129,233,10.60000038,Dem,12
105,26163518000,"Census Tract 5180, Wayne County, Michigan",2264,2205,557,24.60000038,Dem,12
106,26163518400,"Census Tract 5184, Wayne County, Michigan",630,603,108,17.10000038,Dem,12
107,26163518500,"Census Tract 5185, Wayne County, Michigan",1210,1184,178,14.69999981,Dem,12
108,26163518600,"Census Tract 5186, Wayne County, Michigan",797,781,17,2.099999905,Dem,12
109,26163518800,"Census Tract 5188, Wayne County, Michigan",795,779,49,6.199999809,Dem,12
110,26163518900,"Census Tract 5189, Wayne County, Michigan",1854,1817,43,2.299999952,Dem,12
111,26163520200,"Census Tract 5202, Wayne County, Michigan",2571,2447,1093,42.5,Dem,12
112,26163520300,"Census Tract 5203, Wayne County, Michigan",2038,1975,736,36.09999847,Dem,12
113,26163520400,"Census Tract 5204, Wayne County, Michigan",1835,1760,398,21.70000076,Dem,12
114,26163520700,"Census Tract 5207, Wayne County, Michigan",2233,2167,523,23.39999962,Dem,12
115,26163520800,"Census Tract 5208, Wayne County, Michigan",1616,1569,560,34.70000076,Dem,12
116,26163521100,"Census Tract 5211, Wayne County, Michigan",2080,1983,865,41.59999847,Dem,12
117,26163521300,"Census Tract 5213, Wayne County, Michigan",954,939,141,14.80000019,Dem,12
118,26163521400,"Census Tract 5214, Wayne County, Michigan",1192,1154,570,47.79999924,Dem,12
119,26163521500,"Census Tract 5215, Wayne County, Michigan",1690,1629,317,18.79999924,Dem,12
120,26163521800,"Census Tract 5218, Wayne County, Michigan",1216,1189,27,2.200000048,Dem,12
121,26163521900,"Census Tract 5219, Wayne County, Michigan",2942,2849,813,27.60000038,Dem,12
122,26163522000,"Census Tract 5220, Wayne County, Michigan",2061,2027,79,3.799999952,Dem,12
123,26163522100,"Census Tract 5221, Wayne County, Michigan",950,939,51,5.400000095,Dem,12
124,26163522200,"Census Tract 5222, Wayne County, Michigan",655,645,21,3.200000048,Dem,12
125,26163522300,"Census Tract 5223, Wayne County, Michigan",1704,1668,22,1.299999952,Dem,12
126,26163522400,"Census Tract 5224, Wayne County, Michigan",1147,1112,60,5.199999809,Dem,12
127,26163522500,"Census Tract 5225, Wayne County, Michigan",1707,1662,304,17.79999924,Dem,12
128,26163523100,"Census Tract 5231, Wayne County, Michigan",1648,1567,682,41.40000153,Dem,12
129,26163523200,"Census Tract 5232, Wayne County, Michigan",3850,3601,1949,50.59999847,Dem,12
130,26163523300,"Census Tract 5233, Wayne County, Michigan",3326,3178,1611,48.40000153,Dem,12
131,26163523400,"Census Tract 5234, Wayne County, Michigan",2720,2620,1224,45,Dem,12
132,26163523800,"Census Tract 5238, Wayne County, Michigan",4582,4287,2238,48.79999924,Dem,12
133,26163524000,"Census Tract 5240, Wayne County, Michigan",2985,2844,1504,50.40000153,Dem,12
134,26163524100,"Census Tract 5241, Wayne County, Michigan",3942,3760,2041,51.79999924,Dem,12
135,26163524200,"Census Tract 5242, Wayne County, Michigan",4964,4651,2653,53.40000153,Dem,12
136,26163524300,"Census Tract 5243, Wayne County, Michigan",2812,2668,1693,60.20000076,Dem,12
137,26163524500,"Census Tract 5245, Wayne County, Michigan",1264,1186,721,57,Dem,12
138,26163524700,"Census Tract 5247, Wayne County, Michigan",4150,4076,79,1.899999976,Dem,12
139,26163524800,"Census Tract 5248, Wayne County, Michigan",2796,2748,98,3.5,Dem,12
140,26163524900,"Census Tract 5249, Wayne County, Michigan",1679,1604,779,46.40000153,Dem,12
141,26163525000,"Census Tract 5250, Wayne County, Michigan",1104,1053,427,38.70000076,Dem,12
142,26163525400,"Census Tract 5254, Wayne County, Michigan",2374,2343,492,20.70000076,Dem,12
143,26163525500,"Census Tract 5255, Wayne County, Michigan",1191,1174,149,12.5,Dem,12
144,26163525600,"Census Tract 5256, Wayne County, Michigan",1671,1600,798,47.79999924,Dem,12
145,26163525700,"Census Tract 5257, Wayne County, Michigan",5004,4744,2979,59.5,Dem,12
146,26163525800,"Census Tract 5258, Wayne County, Michigan",2091,2015,1102,52.70000076,Dem,12
147,26163526000,"Census Tract 5260, Wayne County, Michigan",2984,2730,2021,67.69999695,Dem,12
148,26163526100,"Census Tract 5261, Wayne County, Michigan",2631,2408,1943,73.90000153,Dem,12
149,26163526200,"Census Tract 5262, Wayne County, Michigan",3176,2999,1692,53.29999924,Dem,12
150,26163526300,"Census Tract 5263, Wayne County, Michigan",3635,3460,1362,37.5,Dem,12
151,26163526400,"Census Tract 5264, Wayne County, Michigan",1600,1523,490,30.60000038,Dem,12
152,26163526500,"Census Tract 5265, Wayne County, Michigan",2482,2416,77,3.099999905,Dem,12
153,26163527200,"Census Tract 5272, Wayne County, Michigan",1190,1168,21,1.799999952,Dem,12
154,26163527300,"Census Tract 5273, Wayne County, Michigan",1275,1234,31,2.400000095,Dem,12
155,26163530100,"Census Tract 5301, Wayne County, Michigan",3024,2974,19,0.600000024,Dem,12
156,26163530200,"Census Tract 5302, Wayne County, Michigan",4192,4106,543,13,Dem,12
157,26163530300,"Census Tract 5303, Wayne County, Michigan",1891,1852,16,0.800000012,Dem,12
158,26163530400,"Census Tract 5304, Wayne County, Michigan",1694,1672,5,0.300000012,Dem,12
159,26163530500,"Census Tract 5305, Wayne County, Michigan",2283,2233,43,1.899999976,Dem,14
160,26163530800,"Census Tract 5308, Wayne County, Michigan",2130,2094,30,1.399999976,Dem,14
161,26163530900,"Census Tract 5309, Wayne County, Michigan",2694,2650,22,0.800000012,Dem,14
162,26163531100,"Census Tract 5311, Wayne County, Michigan",1610,1575,86,5.300000191,Dem,14
163,26163531200,"Census Tract 5312, Wayne County, Michigan",2532,2469,96,3.799999952,Dem,14
164,26163531300,"Census Tract 5313, Wayne County, Michigan",1497,1451,29,1.899999976,Dem,14
165,26163531400,"Census Tract 5314, Wayne County, Michigan",1935,1913,16,0.800000012,Dem,14
166,26163531500,"Census Tract 5315, Wayne County, Michigan",3018,2977,41,1.399999976,Dem,14
167,26163531600,"Census Tract 5316, Wayne County, Michigan",1981,1956,24,1.200000048,Dem,14
168,26163531700,"Census Tract 5317, Wayne County, Michigan",2070,2022,23,1.100000024,Dem,14
169,26163531800,"Census Tract 5318, Wayne County, Michigan",2139,2110,22,1,Dem,14
170,26163531900,"Census Tract 5319, Wayne County, Michigan",1425,1417,56,3.900000095,Dem,14
171,26163532200,"Census Tract 5322, Wayne County, Michigan",1696,1664,40,2.400000095,Dem,14
172,26163532300,"Census Tract 5323, Wayne County, Michigan",962,931,116,12.10000038,Dem,14
173,26163532400,"Census Tract 5324, Wayne County, Michigan",1635,1607,76,4.599999905,Dem,14
174,26163532600,"Census Tract 5326, Wayne County, Michigan",2043,2002,140,6.900000095,Dem,14
175,26163532700,"Census Tract 5327, Wayne County, Michigan",962,946,19,2,Dem,14
176,26163533000,"Census Tract 5330, Wayne County, Michigan",1804,1786,84,4.699999809,Dem,14
177,26163533100,"Census Tract 5331, Wayne County, Michigan",1824,1794,12,0.699999988,Dem,14
178,26163533200,"Census Tract 5332, Wayne County, Michigan",1656,1633,14,0.800000012,Dem,14
179,26163533300,"Census Tract 5333, Wayne County, Michigan",1795,1765,44,2.5,Dem,14
180,26163533400,"Census Tract 5334, Wayne County, Michigan",3069,3016,25,0.800000012,Dem,14
181,26163533500,"Census Tract 5335, Wayne County, Michigan",1322,1302,8,0.600000024,Dem,14
182,26163533600,"Census Tract 5336, Wayne County, Michigan",2446,2393,13,0.5,Dem,14
183,26163533700,"Census Tract 5337, Wayne County, Michigan",1242,1215,17,1.399999976,Dem,14
184,26163533900,"Census Tract 5339, Wayne County, Michigan",2578,2513,257,10,Dem,14
185,26163534100,"Census Tract 5341, Wayne County, Michigan",2070,2042,22,1.100000024,Dem,14
186,26163534200,"Census Tract 5342, Wayne County, Michigan",4179,4126,29,0.699999988,Dem,14
187,26163534300,"Census Tract 5343, Wayne County, Michigan",1521,1490,26,1.700000048,Dem,14
188,26163534400,"Census Tract 5344, Wayne County, Michigan",1958,1931,22,1.100000024,Dem,14
189,26163534500,"Census Tract 5345, Wayne County, Michigan",980,968,13,1.299999952,Dem,14
190,26163534600,"Census Tract 5346, Wayne County, Michigan",1902,1854,38,2,Dem,14
191,26163534700,"Census Tract 5347, Wayne County, Michigan",3042,3019,46,1.5,Dem,14
192,26163535000,"Census Tract 5350, Wayne County, Michigan",2661,2618,49,1.799999952,Dem,14
193,26163535100,"Census Tract 5351, Wayne County, Michigan",2067,2046,41,2,Dem,14
194,26163535200,"Census Tract 5352, Wayne County, Michigan",2487,2441,37,1.5,Dem,14
195,26163535300,"Census Tract 5353, Wayne County, Michigan",4028,3988,59,1.5,Dem,14
196,26163535400,"Census Tract 5354, Wayne County, Michigan",1522,1493,19,1.200000048,Dem,14
197,26163535500,"Census Tract 5355, Wayne County, Michigan",2676,2632,98,3.700000048,Dem,14
198,26163535600,"Census Tract 5356, Wayne County, Michigan",3425,3371,114,3.299999952,Dem,14
199,26163535700,"Census Tract 5357, Wayne County, Michigan",1486,1463,11,0.699999988,Dem,14
200,26163536100,"Census Tract 5361, Wayne County, Michigan",3846,3773,86,2.200000048,Dem,14
201,26163536200,"Census Tract 5362, Wayne County, Michigan",2012,1961,26,1.299999952,Dem,14
202,26163536300,"Census Tract 5363, Wayne County, Michigan",3130,3062,23,0.699999988,Dem,14
203,26163536400,"Census Tract 5364, Wayne County, Michigan",2868,2827,16,0.600000024,Dem,14
204,26163536500,"Census Tract 5365, Wayne County, Michigan",2363,2312,13,0.600000024,Dem,14
205,26163536600,"Census Tract 5366, Wayne County, Michigan",2946,2900,30,1,Dem,14
206,26163536700,"Census Tract 5367, Wayne County, Michigan",1391,1364,19,1.399999976,Dem,14
207,26163536800,"Census Tract 5368, Wayne County, Michigan",1646,1615,10,0.600000024,Dem,14
208,26163536900,"Census Tract 5369, Wayne County, Michigan",3497,3428,23,0.699999988,Dem,14
209,26163537000,"Census Tract 5370, Wayne County, Michigan",3641,3593,59,1.600000024,Dem,14
210,26163537100,"Census Tract 5371, Wayne County, Michigan",2178,2128,24,1.100000024,Dem,14
211,26163537200,"Census Tract 5372, Wayne County, Michigan",888,878,12,1.399999976,Dem,14
212,26163537300,"Census Tract 5373, Wayne County, Michigan",2750,2695,47,1.700000048,Dem,14
213,26163537500,"Census Tract 5375, Wayne County, Michigan",2966,2929,25,0.800000012,Dem,14
214,26163537600,"Census Tract 5376, Wayne County, Michigan",3243,3202,52,1.600000024,Dem,14
215,26163537700,"Census Tract 5377, Wayne County, Michigan",3178,3129,29,0.899999976,Dem,14
216,26163537800,"Census Tract 5378, Wayne County, Michigan",2035,2013,36,1.799999952,Dem,14
217,26163538100,"Census Tract 5381, Wayne County, Michigan",2076,2036,237,11.39999962,Dem,14
218,26163538200,"Census Tract 5382, Wayne County, Michigan",1911,1854,237,12.39999962,Dem,14
219,26163538300,"Census Tract 5383, Wayne County, Michigan",2134,2106,81,3.799999952,Dem,14
220,26163538400,"Census Tract 5384, Wayne County, Michigan",3342,3262,282,8.399999619,Dem,14
221,26163538500,"Census Tract 5385, Wayne County, Michigan",5158,5072,30,0.600000024,Dem,14
222,26163538600,"Census Tract 5386, Wayne County, Michigan",4669,4601,23,0.5,Dem,14
223,26163538700,"Census Tract 5387, Wayne County, Michigan",3606,3565,18,0.5,Dem,14
224,26163538800,"Census Tract 5388, Wayne County, Michigan",1404,1389,6,0.400000006,Dem,14
225,26163538900,"Census Tract 5389, Wayne County, Michigan",3526,3465,55,1.600000024,Dem,14
226,26163539000,"Census Tract 5390, Wayne County, Michigan",2889,2841,20,0.699999988,Dem,14
227,26163539100,"Census Tract 5391, Wayne County, Michigan",1794,1766,14,0.800000012,Dem,14
228,26163539200,"Census Tract 5392, Wayne County, Michigan",4710,4649,51,1.100000024,Dem,14
229,26163539300,"Census Tract 5393, Wayne County, Michigan",3694,3634,29,0.800000012,Dem,14
230,26163539400,"Census Tract 5394, Wayne County, Michigan",3479,3437,19,0.5,Dem,14
231,26163539500,"Census Tract 5395, Wayne County, Michigan",2963,2915,29,1,Dem,14
232,26163539600,"Census Tract 5396, Wayne County, Michigan",3310,3257,35,1.100000024,Dem,14
233,26163539700,"Census Tract 5397, Wayne County, Michigan",1891,1856,21,1.100000024,Dem,14
234,26163540100,"Census Tract 5401, Wayne County, Michigan",3300,3227,49,1.5,Dem,14
235,26163540200,"Census Tract 5402, Wayne County, Michigan",3771,3690,47,1.200000048,Dem,14
236,26163540300,"Census Tract 5403, Wayne County, Michigan",3823,3775,33,0.899999976,Dem,14
237,26163540400,"Census Tract 5404, Wayne County, Michigan",2569,2527,44,1.700000048,Dem,14
238,26163540500,"Census Tract 5405, Wayne County, Michigan",3296,3254,73,2.200000048,Dem,14
239,26163540600,"Census Tract 5406, Wayne County, Michigan",3301,3235,45,1.399999976,Dem,14
240,26163540700,"Census Tract 5407, Wayne County, Michigan",3346,3295,55,1.600000024,Dem,14
241,26163540800,"Census Tract 5408, Wayne County, Michigan",2174,2150,44,2,Dem,14
242,26163540900,"Census Tract 5409, Wayne County, Michigan",3466,3413,74,2.099999905,Dem,14
243,26163541000,"Census Tract 5410, Wayne County, Michigan",3634,3578,71,2,Dem,14
244,26163541100,"Census Tract 5411, Wayne County, Michigan",3636,3573,111,3.099999905,Dem,14
245,26163541200,"Census Tract 5412, Wayne County, Michigan",2424,2389,138,5.699999809,Dem,14
246,26163541300,"Census Tract 5413, Wayne County, Michigan",2429,2367,609,25.10000038,Dem,14
247,26163541400,"Census Tract 5414, Wayne County, Michigan",2634,2575,363,13.80000019,Dem,14
248,26163541500,"Census Tract 5415, Wayne County, Michigan",3476,3426,95,2.700000048,Dem,14
249,26163541700,"Census Tract 5417, Wayne County, Michigan",2132,2097,52,2.400000095,Dem,14
250,26163541800,"Census Tract 5418, Wayne County, Michigan",2495,2425,516,20.70000076,Dem,14
251,26163542100,"Census Tract 5421, Wayne County, Michigan",4350,4288,58,1.299999952,Dem,14
252,26163542200,"Census Tract 5422, Wayne County, Michigan",3781,3724,55,1.5,Dem,14
253,26163542300,"Census Tract 5423, Wayne County, Michigan",2225,2197,43,1.899999976,Dem,14
254,26163542400,"Census Tract 5424, Wayne County, Michigan",2622,2556,31,1.200000048,Dem,14
255,26163542500,"Census Tract 5425, Wayne County, Michigan",2489,2445,83,3.299999952,Dem,14
256,26163542600,"Census Tract 5426, Wayne County, Michigan",3130,3090,13,0.400000006,Dem,14
257,26163542700,"Census Tract 5427, Wayne County, Michigan",937,931,16,1.700000048,Dem,14
258,26163542800,"Census Tract 5428, Wayne County, Michigan",2531,2480,61,2.400000095,Dem,14
259,26163542900,"Census Tract 5429, Wayne County, Michigan",3377,3301,214,6.300000191,Dem,14
260,26163543000,"Census Tract 5430, Wayne County, Michigan",1814,1788,173,9.5,Dem,14
261,26163543100,"Census Tract 5431, Wayne County, Michigan",2406,2355,182,7.599999905,Dem,14
262,26163543200,"Census Tract 5432, Wayne County, Michigan",2804,2754,100,3.599999905,Dem,14
263,26163543400,"Census Tract 5434, Wayne County, Michigan",3189,3144,78,2.400000095,Dem,14
264,26163543500,"Census Tract 5435, Wayne County, Michigan",1599,1553,112,7,Dem,14
265,26163543600,"Census Tract 5436, Wayne County, Michigan",1676,1608,265,15.80000019,Dem,14
266,26163543700,"Census Tract 5437, Wayne County, Michigan",2649,2582,160,6,Dem,14
267,26163543800,"Census Tract 5438, Wayne County, Michigan",1093,1057,196,17.89999962,Dem,14
268,26163543900,"Census Tract 5439, Wayne County, Michigan",901,887,147,16.29999924,Dem,14
269,26163544000,"Census Tract 5440, Wayne County, Michigan",2178,2106,197,9,Dem,14
270,26163544100,"Census Tract 5441, Wayne County, Michigan",1803,1765,122,6.800000191,Dem,14
271,26163544200,"Census Tract 5442, Wayne County, Michigan",2467,2420,296,12,Dem,14
272,26163544300,"Census Tract 5443, Wayne County, Michigan",2549,2484,763,29.89999962,Dem,14
273,26163545100,"Census Tract 5451, Wayne County, Michigan",1544,1518,57,3.700000048,Dem,14
274,26163545200,"Census Tract 5452, Wayne County, Michigan",3280,3224,71,2.200000048,Dem,14
275,26163545300,"Census Tract 5453, Wayne County, Michigan",2162,2141,33,1.5,Dem,14
276,26163545400,"Census Tract 5454, Wayne County, Michigan",758,751,46,6.099999905,Dem,14
277,26163545500,"Census Tract 5455, Wayne County, Michigan",3672,3576,974,26.5,Dem,14
278,26163545600,"Census Tract 5456, Wayne County, Michigan",4553,4340,2600,57.09999847,Dem,14
279,26163545700,"Census Tract 5457, Wayne County, Michigan",2373,2310,1176,49.59999847,Dem,14
280,26163545800,"Census Tract 5458, Wayne County, Michigan",4708,4510,1712,36.40000153,Dem,14
281,26163545900,"Census Tract 5459, Wayne County, Michigan",4038,3936,818,20.29999924,Dem,14
282,26163546000,"Census Tract 5460, Wayne County, Michigan",3674,3610,283,7.699999809,Dem,14
283,26163546100,"Census Tract 5461, Wayne County, Michigan",4185,4076,476,11.39999962,Dem,14
284,26163546200,"Census Tract 5462, Wayne County, Michigan",2863,2792,905,31.60000038,Dem,14
285,26163546300,"Census Tract 5463, Wayne County, Michigan",1655,1629,200,12.10000038,Dem,14
286,26163546400,"Census Tract 5464, Wayne County, Michigan",1281,1266,59,4.599999905,Dem,14
287,26163546500,"Census Tract 5465, Wayne County, Michigan",2357,2330,85,3.599999905,Dem,14
288,26163546600,"Census Tract 5466, Wayne County, Michigan",2194,2148,105,4.800000191,Dem,14
289,26163546700,"Census Tract 5467, Wayne County, Michigan",3152,3089,120,3.799999952,Dem,14
290,26163546800,"Census Tract 5468, Wayne County, Michigan",3171,3099,89,2.799999952,Dem,14
291,26163546900,"Census Tract 5469, Wayne County, Michigan",1198,1180,24,2,Dem,14
292,26163550100,"Census Tract 5501, Wayne County, Michigan",3950,3867,3356,85,Dem,14
293,26163550200,"Census Tract 5502, Wayne County, Michigan",4163,4049,3203,76.90000153,Dem,14
294,26163550300,"Census Tract 5503, Wayne County, Michigan",3442,3417,3259,94.69999695,Dem,14
295,26163550400,"Census Tract 5504, Wayne County, Michigan",1627,1584,1457,89.59999847,Dem,14
296,26163550500,"Census Tract 5505, Wayne County, Michigan",3794,3754,3594,94.69999695,Dem,14
297,26163550600,"Census Tract 5506, Wayne County, Michigan",2486,2475,2418,97.30000305,Dem,14
298,26163550700,"Census Tract 5507, Wayne County, Michigan",5454,5389,5192,95.19999695,Dem,14
299,26163550800,"Census Tract 5508, Wayne County, Michigan",1539,1521,1436,93.30000305,Dem,14
300,26163550900,"Census Tract 5509, Wayne County, Michigan",2929,2899,2718,92.80000305,Dem,14
301,26163551100,"Census Tract 5511, Wayne County, Michigan",4856,4809,4581,94.30000305,Dem,14
302,26163551200,"Census Tract 5512, Wayne County, Michigan",4071,3974,3591,88.19999695,Dem,14
303,26163551300,"Census Tract 5513, Wayne County, Michigan",3849,3779,2357,61.20000076,Dem,14
304,26163551400,"Census Tract 5514, Wayne County, Michigan",4150,4037,1836,44.20000076,Dem,14
305,26163551500,"Census Tract 5515, Wayne County, Michigan",2425,2363,1217,50.20000076,Dem,14
306,26163551600,"Census Tract 5516, Wayne County, Michigan",3812,3672,1651,43.29999924,Dem,14
307,26163551700,"Census Tract 5517, Wayne County, Michigan",3488,3469,3242,92.90000153,Dem,14
308,26163551800,"Census Tract 5518, Wayne County, Michigan",3720,3673,3327,89.40000153,Dem,14
309,26163552000,"Census Tract 5520, Wayne County, Michigan",2817,2706,1484,52.70000076,Dem,14
310,26163552100,"Census Tract 5521, Wayne County, Michigan",4358,4218,1822,41.79999924,Dem,14
311,26163552200,"Census Tract 5522, Wayne County, Michigan",3570,3453,2216,62.09999847,Dem,14
312,26163552300,"Census Tract 5523, Wayne County, Michigan",3527,3373,1877,53.20000076,Dem,14
313,26163552400,"Census Tract 5524, Wayne County, Michigan",2900,2762,1358,46.79999924,Dem,14
314,26163552800,"Census Tract 5528, Wayne County, Michigan",5251,4849,3252,61.90000153,Dem,14
315,26163553000,"Census Tract 5530, Wayne County, Michigan",1244,1217,50,4,Dem,14
316,26163553100,"Census Tract 5531, Wayne County, Michigan",1696,1663,79,4.699999809,Dem,14
317,26163553200,"Census Tract 5532, Wayne County, Michigan",905,878,9,1,Dem,14
318,26163553300,"Census Tract 5533, Wayne County, Michigan",1363,1314,22,1.600000024,Dem,14
319,26163553400,"Census Tract 5534, Wayne County, Michigan",1983,1946,32,1.600000024,Dem,14
320,26163553600,"Census Tract 5536, Wayne County, Michigan",2631,2587,140,5.300000191,Dem,14
321,26163553800,"Census Tract 5538, Wayne County, Michigan",1954,1905,42,2.099999905,Dem,14
322,26163554100,"Census Tract 5541, Wayne County, Michigan",4121,3973,2863,69.5,Dem,14
323,26163554200,"Census Tract 5542, Wayne County, Michigan",3301,3188,2550,77.19999695,Dem,14
324,26163554300,"Census Tract 5543, Wayne County, Michigan",5028,4937,4151,82.59999847,Dem,14
325,26163554400,"Census Tract 5544, Wayne County, Michigan",3247,3178,2205,67.90000153,Dem,14
326,26163554500,"Census Tract 5545, Wayne County, Michigan",2804,2729,1937,69.09999847,Dem,14
327,26163554600,"Census Tract 5546, Wayne County, Michigan",3860,3764,3238,83.90000153,Dem,14
328,26163554700,"Census Tract 5547, Wayne County, Michigan",2514,2485,2080,82.69999695,Dem,14
329,26163554800,"Census Tract 5548, Wayne County, Michigan",3590,3517,1710,47.59999847,Dem,14
330,26163554900,"Census Tract 5549, Wayne County, Michigan",3335,3247,1879,56.29999924,Dem,14
331,26163555100,"Census Tract 5551, Wayne County, Michigan",4563,4439,3559,78,Dem,14
332,26163555300,"Census Tract 5553, Wayne County, Michigan",3384,3312,1835,54.20000076,Dem,14
333,26163555400,"Census Tract 5554, Wayne County, Michigan",2861,2771,595,20.79999924,Dem,14
334,26163555500,"Census Tract 5555, Wayne County, Michigan",3057,2985,1561,51.09999847,Rep,14
335,26163555600,"Census Tract 5556, Wayne County, Michigan",2697,2627,1957,72.59999847,Rep,14
336,26163556100,"Census Tract 5561, Wayne County, Michigan",3508,3426,3062,87.30000305,Rep,14
337,26163556200,"Census Tract 5562, Wayne County, Michigan",2714,2682,2315,85.30000305,Rep,14
338,26163556300,"Census Tract 5563, Wayne County, Michigan",3316,3269,2871,86.59999847,Rep,14
339,26163556400,"Census Tract 5564, Wayne County, Michigan",4340,4271,3867,89.09999847,Rep,14
340,26163556500,"Census Tract 5565, Wayne County, Michigan",2282,2255,2121,92.90000153,Rep,14
341,26163556600,"Census Tract 5566, Wayne County, Michigan",3438,3400,3279,95.40000153,Rep,14
342,26163556700,"Census Tract 5567, Wayne County, Michigan",2651,2635,2508,94.59999847,Rep,14
343,26163556800,"Census Tract 5568, Wayne County, Michigan",1789,1776,1711,95.59999847,Rep,14
344,26163556900,"Census Tract 5569, Wayne County, Michigan",3779,3730,3354,88.80000305,Rep,14
345,26163557000,"Census Tract 5570, Wayne County, Michigan",3039,3005,2568,84.5,Rep,15
346,26163557100,"Census Tract 5571, Wayne County, Michigan",2568,2520,2129,82.90000153,Rep,15
347,26163557200,"Census Tract 5572, Wayne County, Michigan",2014,1986,1899,94.30000305,Rep,15
348,26163557300,"Census Tract 5573, Wayne County, Michigan",2165,2152,2031,93.80000305,Rep,15
349,26163557400,"Census Tract 5574, Wayne County, Michigan",3415,3389,3308,96.90000153,Rep,15
350,26163557500,"Census Tract 5575, Wayne County, Michigan",3912,3866,3730,95.30000305,Rep,15
351,26163557600,"Census Tract 5576, Wayne County, Michigan",3183,3145,3025,95,Rep,15
352,26163557700,"Census Tract 5577, Wayne County, Michigan",4453,4411,4301,96.59999847,Rep,15
353,26163557900,"Census Tract 5579, Wayne County, Michigan",5043,4987,4791,95,Rep,15
354,26163558000,"Census Tract 5580, Wayne County, Michigan",4295,4231,4087,95.19999695,Rep,15
355,26163558100,"Census Tract 5581, Wayne County, Michigan",3432,3380,3143,91.59999847,Rep,15
356,26163558200,"Census Tract 5582, Wayne County, Michigan",4624,4524,3944,85.30000305,Rep,15
357,26163558300,"Census Tract 5583, Wayne County, Michigan",2044,1989,1861,91,Rep,15
358,26163558400,"Census Tract 5584, Wayne County, Michigan",3836,3771,3474,90.59999847,Rep,15
359,26163558500,"Census Tract 5585, Wayne County, Michigan",4030,3983,3797,94.19999695,Rep,15
360,26163558600,"Census Tract 5586, Wayne County, Michigan",2098,2057,1946,92.80000305,Rep,15
361,26163558700,"Census Tract 5587, Wayne County, Michigan",2746,2722,2662,96.90000153,Rep,15
362,26163558800,"Census Tract 5588, Wayne County, Michigan",2806,2758,2683,95.59999847,Rep,15
363,26163558900,"Census Tract 5589, Wayne County, Michigan",1897,1873,1774,93.5,Rep,15
364,26163559000,"Census Tract 5590, Wayne County, Michigan",2715,2666,2531,93.19999695,Rep,15
365,26163559100,"Census Tract 5591, Wayne County, Michigan",2635,2580,2388,90.59999847,Rep,15
366,26163559200,"Census Tract 5592, Wayne County, Michigan",2175,2128,1999,91.90000153,Rep,15
367,26163560100,"Census Tract 5601, Wayne County, Michigan",2739,2685,2551,93.09999847,Rep,15
368,26163560200,"Census Tract 5602, Wayne County, Michigan",5408,5290,4487,83,Rep,15
369,26163560300,"Census Tract 5603, Wayne County, Michigan",3407,3337,2844,83.5,Rep,15
370,26163560400,"Census Tract 5604, Wayne County, Michigan",6153,6075,5641,91.69999695,Rep,15
371,26163561200,"Census Tract 5612, Wayne County, Michigan",5641,5516,3914,69.40000153,Rep,15
372,26163561300,"Census Tract 5613, Wayne County, Michigan",7888,7758,6694,84.90000153,Rep,15
373,26163561600,"Census Tract 5616, Wayne County, Michigan",3832,3796,3652,95.30000305,Rep,15
374,26163561700,"Census Tract 5617, Wayne County, Michigan",2137,2076,1905,89.09999847,Rep,15
375,26163561900,"Census Tract 5619, Wayne County, Michigan",7111,6999,6283,88.40000153,Rep,15
376,26163562300,"Census Tract 5623, Wayne County, Michigan",2069,2040,1893,91.5,Rep,15
377,26163562400,"Census Tract 5624, Wayne County, Michigan",5457,5405,5153,94.40000153,Rep,15
378,26163562500,"Census Tract 5625, Wayne County, Michigan",1951,1934,1757,90.09999847,Rep,15
379,26163562600,"Census Tract 5626, Wayne County, Michigan",3685,3636,3525,95.69999695,Rep,15
380,26163562700,"Census Tract 5627, Wayne County, Michigan",3496,3432,3316,94.90000153,Rep,15
381,26163562800,"Census Tract 5628, Wayne County, Michigan",3475,3432,3280,94.40000153,Rep,15
382,26163562900,"Census Tract 5629, Wayne County, Michigan",3443,3373,3190,92.69999695,Rep,15
383,26163563200,"Census Tract 5632, Wayne County, Michigan",3294,3213,2041,62,Rep,15
384,26163563300,"Census Tract 5633, Wayne County, Michigan",2868,2792,2154,75.09999847,Rep,15
385,26163563400,"Census Tract 5634, Wayne County, Michigan",5092,4990,4433,87.09999847,Rep,15
386,26163563500,"Census Tract 5635, Wayne County, Michigan",6229,6100,5218,83.80000305,Rep,15
387,26163563600,"Census Tract 5636, Wayne County, Michigan",2116,2074,1734,81.90000153,Rep,15
388,26163563700,"Census Tract 5637, Wayne County, Michigan",1671,1635,1257,75.19999695,Rep,15
389,26163563800,"Census Tract 5638, Wayne County, Michigan",2991,2902,2494,83.40000153,Rep,15
390,26163563900,"Census Tract 5639, Wayne County, Michigan",2435,2399,1808,74.30000305,Rep,15
391,26163564000,"Census Tract 5640, Wayne County, Michigan",2045,1997,1300,63.59999847,Rep,15
392,26163564100,"Census Tract 5641, Wayne County, Michigan",4337,4206,2778,64.09999847,Rep,15
393,26163564200,"Census Tract 5642, Wayne County, Michigan",3817,3692,3003,78.69999695,Rep,15
394,26163564300,"Census Tract 5643, Wayne County, Michigan",2644,2581,2028,76.69999695,Rep,15
395,26163564401,"Census Tract 5644.01, Wayne County, Michigan",5224,5136,4058,77.69999695,Rep,15
396,26163564402,"Census Tract 5644.02, Wayne County, Michigan",4385,4276,2652,60.5,Rep,15
397,26163564501,"Census Tract 5645.01, Wayne County, Michigan",4246,4153,3178,74.80000305,Rep,15
398,26163564502,"Census Tract 5645.02, Wayne County, Michigan",3711,3622,2409,64.90000153,Rep,15
399,26163564503,"Census Tract 5645.03, Wayne County, Michigan",3592,3503,2151,59.90000153,Rep,15
400,26163564504,"Census Tract 5645.04, Wayne County, Michigan",5961,5802,4056,68,Rep,15
401,26163564600,"Census Tract 5646, Wayne County, Michigan",6678,6530,4933,73.90000153,Rep,15
402,26163564700,"Census Tract 5647, Wayne County, Michigan",5029,4845,2815,56,Rep,15
403,26163564800,"Census Tract 5648, Wayne County, Michigan",4676,4557,3570,76.30000305,Rep,15
404,26163564900,"Census Tract 5649, Wayne County, Michigan",2086,2003,1669,80,Rep,15
405,26163565000,"Census Tract 5650, Wayne County, Michigan",5046,4912,3401,67.40000153,Rep,15
406,26163565100,"Census Tract 5651, Wayne County, Michigan",3483,3408,2287,65.69999695,Rep,15
407,26163565200,"Census Tract 5652, Wayne County, Michigan",5078,4994,3248,64,Rep,15
408,26163565300,"Census Tract 5653, Wayne County, Michigan",5600,5472,2530,45.20000076,Rep,15
409,26163565600,"Census Tract 5656, Wayne County, Michigan",2299,2254,2073,90.19999695,Rep,15
410,26163565700,"Census Tract 5657, Wayne County, Michigan",3556,3451,2828,79.5,Rep,15
411,26163565800,"Census Tract 5658, Wayne County, Michigan",3881,3791,3333,85.90000153,Rep,15
412,26163565900,"Census Tract 5659, Wayne County, Michigan",2580,2520,2096,81.19999695,Rep,15
413,26163566400,"Census Tract 5664, Wayne County, Michigan",1012,999,608,60.09999847,Rep,15
414,26163566500,"Census Tract 5665, Wayne County, Michigan",2267,2196,1615,71.19999695,Rep,15
415,26163566600,"Census Tract 5666, Wayne County, Michigan",2155,2100,1619,75.09999847,Rep,15
416,26163566700,"Census Tract 5667, Wayne County, Michigan",3973,3863,3489,87.80000305,Rep,15
417,26163566800,"Census Tract 5668, Wayne County, Michigan",3089,2980,2448,79.19999695,Rep,15
418,26163566900,"Census Tract 5669, Wayne County, Michigan",5097,4925,3641,71.40000153,Rep,15
419,26163567000,"Census Tract 5670, Wayne County, Michigan",3587,3459,1529,42.59999847,Rep,15
420,26163567100,"Census Tract 5671, Wayne County, Michigan",3613,3499,3079,85.19999695,Rep,15
421,26163567201,"Census Tract 5672.01, Wayne County, Michigan",3502,3438,3268,93.30000305,Rep,15
422,26163567202,"Census Tract 5672.02, Wayne County, Michigan",3016,2974,2320,76.90000153,Rep,15
423,26163567300,"Census Tract 5673, Wayne County, Michigan",4455,4397,3916,87.90000153,Rep,15
424,26163567400,"Census Tract 5674, Wayne County, Michigan",2727,2698,2573,94.40000153,Rep,15
425,26163567800,"Census Tract 5678, Wayne County, Michigan",5025,4918,3937,78.30000305,Rep,15
426,26163567900,"Census Tract 5679, Wayne County, Michigan",2929,2847,2620,89.5,Rep,15
427,26163568000,"Census Tract 5680, Wayne County, Michigan",2240,2186,1885,84.19999695,Rep,15
428,26163568200,"Census Tract 5682, Wayne County, Michigan",3917,3847,3477,88.80000305,Rep,8
429,26163568300,"Census Tract 5683, Wayne County, Michigan",4320,4220,3457,80,Rep,8
430,26163568400,"Census Tract 5684, Wayne County, Michigan",3876,3802,3450,89,Rep,8
431,26163568500,"Census Tract 5685, Wayne County, Michigan",4547,4334,3424,75.30000305,Rep,8
432,26163568700,"Census Tract 5687, Wayne County, Michigan",3943,3805,2612,66.19999695,Rep,8
433,26163568800,"Census Tract 5688, Wayne County, Michigan",3127,3024,1429,45.70000076,Rep,8
434,26163568900,"Census Tract 5689, Wayne County, Michigan",2796,2727,2366,84.59999847,Rep,8
435,26163569100,"Census Tract 5691, Wayne County, Michigan",2499,2452,2363,94.59999847,Rep,8
436,26163569200,"Census Tract 5692, Wayne County, Michigan",2787,2738,2547,91.40000153,Rep,8
437,26163569300,"Census Tract 5693, Wayne County, Michigan",3861,3759,3500,90.69999695,Rep,8
438,26163569400,"Census Tract 5694, Wayne County, Michigan",2947,2890,2656,90.09999847,Rep,8
439,26163569500,"Census Tract 5695, Wayne County, Michigan",2662,2600,2551,95.80000305,Rep,8
440,26163569600,"Census Tract 5696, Wayne County, Michigan",3527,3459,3328,94.40000153,Rep,8
441,26163569700,"Census Tract 5697, Wayne County, Michigan",4463,4377,4125,92.40000153,Rep,8
442,26163569800,"Census Tract 5698, Wayne County, Michigan",2499,2422,2297,91.90000153,Rep,8
443,26163569900,"Census Tract 5699, Wayne County, Michigan",2447,2400,2235,91.30000305,Rep,8
444,26163570100,"Census Tract 5701, Wayne County, Michigan",3908,3758,1409,36.09999847,Rep,8
445,26163570200,"Census Tract 5702, Wayne County, Michigan",2724,2629,1047,38.40000153,Rep,8
446,26163570400,"Census Tract 5704, Wayne County, Michigan",5186,4962,1302,25.10000038,Rep,8
447,26163570500,"Census Tract 5705, Wayne County, Michigan",3732,3605,722,19.29999924,Rep,8
448,26163570600,"Census Tract 5706, Wayne County, Michigan",2009,1974,118,5.900000095,Rep,8
449,26163570800,"Census Tract 5708, Wayne County, Michigan",3022,2889,164,5.400000095,Rep,8
450,26163570900,"Census Tract 5709, Wayne County, Michigan",2535,2469,125,4.900000095,Rep,8
451,26163571000,"Census Tract 5710, Wayne County, Michigan",2250,2170,307,13.60000038,Rep,8
452,26163571500,"Census Tract 5715, Wayne County, Michigan",4585,4386,3669,80,Rep,8
453,26163571600,"Census Tract 5716, Wayne County, Michigan",1672,1625,1454,87,Rep,8
454,26163571700,"Census Tract 5717, Wayne County, Michigan",2401,2294,1586,66.09999847,Rep,8
455,26163571800,"Census Tract 5718, Wayne County, Michigan",3121,3045,2686,86.09999847,Rep,8
456,26163571900,"Census Tract 5719, Wayne County, Michigan",2852,2780,2377,83.30000305,Rep,8
457,26163572000,"Census Tract 5720, Wayne County, Michigan",1899,1855,1735,91.40000153,Rep,8
458,26163572100,"Census Tract 5721, Wayne County, Michigan",6177,5990,5613,90.90000153,Rep,8
459,26163572200,"Census Tract 5722, Wayne County, Michigan",6231,6110,5571,89.40000153,Rep,8
460,26163572400,"Census Tract 5724, Wayne County, Michigan",1339,1308,1115,83.30000305,Rep,8
461,26163572500,"Census Tract 5725, Wayne County, Michigan",1870,1811,1391,74.40000153,Rep,8
462,26163572600,"Census Tract 5726, Wayne County, Michigan",5189,5059,4366,84.09999847,Rep,8
463,26163572700,"Census Tract 5727, Wayne County, Michigan",4616,4497,4173,90.40000153,Rep,8
464,26163572800,"Census Tract 5728, Wayne County, Michigan",5644,5488,5123,90.80000305,Rep,8
465,26163572900,"Census Tract 5729, Wayne County, Michigan",2615,2535,2361,90.30000305,Rep,8
466,26163573000,"Census Tract 5730, Wayne County, Michigan",3110,3057,2928,94.09999847,Rep,8
467,26163573100,"Census Tract 5731, Wayne County, Michigan",4453,4328,3624,81.40000153,Rep,8
468,26163573300,"Census Tract 5733, Wayne County, Michigan",3900,3651,3493,89.59999847,Rep,8
469,26163573400,"Census Tract 5734, Wayne County, Michigan",3702,3490,3303,89.19999695,Rep,8
470,26163573500,"Census Tract 5735, Wayne County, Michigan",5315,4997,4767,89.69999695,Rep,8
471,26163573600,"Census Tract 5736, Wayne County, Michigan",6652,6196,5940,89.30000305,Rep,8
472,26163573701,"Census Tract 5737.01, Wayne County, Michigan",1990,1872,1777,89.30000305,Rep,8
473,26163573702,"Census Tract 5737.02, Wayne County, Michigan",6524,6120,5960,91.40000153,Rep,8
474,26163573800,"Census Tract 5738, Wayne County, Michigan",5306,4954,4726,89.09999847,Rep,8
475,26163573900,"Census Tract 5739, Wayne County, Michigan",5308,5082,4854,91.40000153,Rep,8
476,26163574000,"Census Tract 5740, Wayne County, Michigan",5759,5461,5157,89.5,Rep,8
477,26163574100,"Census Tract 5741, Wayne County, Michigan",3955,3718,3419,86.40000153,Rep,8
478,26163574202,"Census Tract 5742.02, Wayne County, Michigan",3008,2945,1959,65.09999847,Rep,8
479,26163574300,"Census Tract 5743, Wayne County, Michigan",3240,3115,2511,77.5,Rep,8
480,26163574600,"Census Tract 5746, Wayne County, Michigan",4913,4820,4578,93.19999695,Rep,8
481,26163574700,"Census Tract 5747, Wayne County, Michigan",4391,4325,4153,94.59999847,Rep,8
482,26163574800,"Census Tract 5748, Wayne County, Michigan",4233,4174,4053,95.69999695,Rep,8
483,26163574900,"Census Tract 5749, Wayne County, Michigan",1776,1740,1572,88.5,Rep,8
484,26163575000,"Census Tract 5750, Wayne County, Michigan",4589,4510,4279,93.19999695,Rep,8
485,26163575100,"Census Tract 5751, Wayne County, Michigan",2649,2595,2406,90.80000305,Rep,8
486,26163575200,"Census Tract 5752, Wayne County, Michigan",4059,3962,3504,86.30000305,Rep,8
487,26163575300,"Census Tract 5753, Wayne County, Michigan",3591,3521,3352,93.30000305,Rep,8
488,26163575400,"Census Tract 5754, Wayne County, Michigan",3253,3158,2926,89.90000153,Rep,8
489,26163575500,"Census Tract 5755, Wayne County, Michigan",3886,3811,3526,90.69999695,Rep,8
490,26163575600,"Census Tract 5756, Wayne County, Michigan",1539,1504,1378,89.5,Rep,8
491,26163576000,"Census Tract 5760, Wayne County, Michigan",1845,1803,1501,81.40000153,Rep,8
492,26163576100,"Census Tract 5761, Wayne County, Michigan",6082,5966,5531,90.90000153,Rep,8
493,26163576200,"Census Tract 5762, Wayne County, Michigan",2610,2564,2461,94.30000305,Rep,8
494,26163576300,"Census Tract 5763, Wayne County, Michigan",2430,2400,2292,94.30000305,Rep,8
495,26163576400,"Census Tract 5764, Wayne County, Michigan",3621,3587,3444,95.09999847,Rep,8
496,26163576500,"Census Tract 5765, Wayne County, Michigan",3902,3848,3717,95.30000305,Rep,8
497,26163576600,"Census Tract 5766, Wayne County, Michigan",4169,4099,3918,94,Rep,8
498,26163576700,"Census Tract 5767, Wayne County, Michigan",3553,3500,3342,94.09999847,Rep,8
499,26163577000,"Census Tract 5770, Wayne County, Michigan",4331,4078,2778,64.09999847,Rep,8
500,26163577100,"Census Tract 5771, Wayne County, Michigan",2933,2765,2225,75.90000153,Rep,8
501,26163577200,"Census Tract 5772, Wayne County, Michigan",3188,3070,2544,79.80000305,Rep,8
502,26163577300,"Census Tract 5773, Wayne County, Michigan",3086,3006,2788,90.30000305,Rep,8
503,26163577400,"Census Tract 5774, Wayne County, Michigan",3508,3451,3112,88.69999695,Rep,8
504,26163577500,"Census Tract 5775, Wayne County, Michigan",3297,3205,2893,87.69999695,Rep,8
505,26163577600,"Census Tract 5776, Wayne County, Michigan",3790,3658,3338,88.09999847,Rep,8
506,26163577700,"Census Tract 5777, Wayne County, Michigan",2370,2322,2150,90.69999695,Rep,8
507,26163577800,"Census Tract 5778, Wayne County, Michigan",4944,4842,4442,89.80000305,Rep,8
508,26163577900,"Census Tract 5779, Wayne County, Michigan",4076,3988,3664,89.90000153,Rep,8
509,26163578000,"Census Tract 5780, Wayne County, Michigan",2619,2525,2190,83.59999847,Rep,8
510,26163578500,"Census Tract 5785, Wayne County, Michigan",5153,4996,4140,80.30000305,Rep,8
511,26163578600,"Census Tract 5786, Wayne County, Michigan",5562,5303,4091,73.59999847,Rep,8
512,26163579100,"Census Tract 5791, Wayne County, Michigan",1881,1761,1058,56.20000076,Rep,8
513,26163579200,"Census Tract 5792, Wayne County, Michigan",3295,3110,2013,61.09999847,Rep,8
514,26163579300,"Census Tract 5793, Wayne County, Michigan",2727,2639,40,1.5,Rep,8
515,26163579500,"Census Tract 5795, Wayne County, Michigan",1863,1754,1135,60.90000153,Rep,8
516,26163579600,"Census Tract 5796, Wayne County, Michigan",3117,3054,52,1.700000048,Rep,8
517,26163579700,"Census Tract 5797, Wayne County, Michigan",2878,2704,1908,66.30000305,Rep,8
518,26163579800,"Census Tract 5798, Wayne County, Michigan",1654,1567,1091,66,Rep,8
519,26163579900,"Census Tract 5799, Wayne County, Michigan",4615,4465,3861,83.69999695,Rep,8
520,26163580100,"Census Tract 5801, Wayne County, Michigan",2089,2040,1921,92,Rep,8
521,26163580200,"Census Tract 5802, Wayne County, Michigan",2875,2825,2749,95.59999847,Rep,8
522,26163580300,"Census Tract 5803, Wayne County, Michigan",2882,2806,2704,93.80000305,Rep,8
523,26163580400,"Census Tract 5804, Wayne County, Michigan",2644,2615,2541,96.09999847,Rep,8
524,26163580500,"Census Tract 5805, Wayne County, Michigan",2950,2901,2841,96.30000305,Rep,8
525,26163580600,"Census Tract 5806, Wayne County, Michigan",3121,3058,2931,93.90000153,Rep,8
526,26163580700,"Census Tract 5807, Wayne County, Michigan",3758,3692,3539,94.19999695,Rep,8
527,26163580800,"Census Tract 5808, Wayne County, Michigan",1547,1516,1460,94.40000153,Rep,8
528,26163580900,"Census Tract 5809, Wayne County, Michigan",4017,3949,3825,95.19999695,Rep,8
529,26163581100,"Census Tract 5811, Wayne County, Michigan",3970,3892,3278,82.59999847,Rep,8
530,26163581200,"Census Tract 5812, Wayne County, Michigan",3706,3638,3286,88.69999695,Rep,8
531,26163581500,"Census Tract 5815, Wayne County, Michigan",2238,2189,2118,94.59999847,Rep,8
532,26163581600,"Census Tract 5816, Wayne County, Michigan",5620,5500,4664,83,Rep,8
533,26163581800,"Census Tract 5818, Wayne County, Michigan",2724,2653,2502,91.90000153,Rep,8
534,26163581900,"Census Tract 5819, Wayne County, Michigan",4732,4662,4557,96.30000305,Rep,8
535,26163582000,"Census Tract 5820, Wayne County, Michigan",3064,2980,2443,79.69999695,Rep,8
536,26163582100,"Census Tract 5821, Wayne County, Michigan",3993,3940,3796,95.09999847,Rep,8
537,26163583000,"Census Tract 5830, Wayne County, Michigan",2597,2537,2364,91,Rep,8
538,26163583100,"Census Tract 5831, Wayne County, Michigan",4106,3990,3749,91.30000305,Rep,8
539,26163583200,"Census Tract 5832, Wayne County, Michigan",2859,2794,2649,92.69999695,Rep,8
540,26163583300,"Census Tract 5833, Wayne County, Michigan",2550,2510,2353,92.30000305,Rep,8
541,26163583400,"Census Tract 5834, Wayne County, Michigan",5040,4944,4679,92.80000305,Rep,8
542,26163583500,"Census Tract 5835, Wayne County, Michigan",2788,2714,2560,91.80000305,Rep,8
543,26163583600,"Census Tract 5836, Wayne County, Michigan",2667,2609,2446,91.69999695,Rep,8
544,26163583700,"Census Tract 5837, Wayne County, Michigan",3721,3646,3312,89,Rep,8
545,26163583800,"Census Tract 5838, Wayne County, Michigan",4517,4438,3819,84.5,Rep,8
546,26163583900,"Census Tract 5839, Wayne County, Michigan",4093,3948,2778,67.90000153,Rep,8
547,26163584000,"Census Tract 5840, Wayne County, Michigan",4471,4360,3158,70.59999847,Rep,8
548,26163584100,"Census Tract 5841, Wayne County, Michigan",1743,1711,1592,91.30000305,Rep,8
549,26163584200,"Census Tract 5842, Wayne County, Michigan",3695,3612,2538,68.69999695,Rep,8
550,26163584300,"Census Tract 5843, Wayne County, Michigan",1922,1872,1312,68.30000305,Rep,8
551,26163584400,"Census Tract 5844, Wayne County, Michigan",3227,3138,2374,73.59999847,Rep,8
552,26163584500,"Census Tract 5845, Wayne County, Michigan",2567,2499,1936,75.40000153,Rep,8
553,26163584600,"Census Tract 5846, Wayne County, Michigan",1836,1773,1183,64.40000153,Rep,8
554,26163584700,"Census Tract 5847, Wayne County, Michigan",2562,2506,2132,83.19999695,Rep,8
555,26163584800,"Census Tract 5848, Wayne County, Michigan",6170,5917,2295,37.20000076,Rep,8
556,26163585500,"Census Tract 5855, Wayne County, Michigan",1952,1876,1626,83.30000305,Rep,8
557,26163585600,"Census Tract 5856, Wayne County, Michigan",3545,3384,551,15.5,Rep,8
558,26163585700,"Census Tract 5857, Wayne County, Michigan",1973,1868,955,48.40000153,Rep,8
559,26163585800,"Census Tract 5858, Wayne County, Michigan",4514,4339,1785,39.5,Rep,8
560,26163585900,"Census Tract 5859, Wayne County, Michigan",3272,3166,1981,60.5,Rep,8
561,26163586200,"Census Tract 5862, Wayne County, Michigan",6684,6410,3377,50.5,Rep,8
562,26163586300,"Census Tract 5863, Wayne County, Michigan",2040,1994,1823,89.40000153,Rep,8
563,26163587000,"Census Tract 5870, Wayne County, Michigan",3993,3864,3215,80.5,Rep,8
564,26163587900,"Census Tract 5879, Wayne County, Michigan",6551,6353,3438,52.5,Rep,8
565,26163588000,"Census Tract 5880, Wayne County, Michigan",5630,5467,3456,61.40000153,Rep,8
566,26163588100,"Census Tract 5881, Wayne County, Michigan",2528,2473,2089,82.59999847,Rep,8
567,26163588200,"Census Tract 5882, Wayne County, Michigan",3312,3180,1696,51.20000076,Rep,8
568,26163588300,"Census Tract 5883, Wayne County, Michigan",5439,5308,4420,81.30000305,Rep,8
569,26163588400,"Census Tract 5884, Wayne County, Michigan",5359,5200,3513,65.59999847,Rep,8
570,26163589300,"Census Tract 5893, Wayne County, Michigan",3710,3601,3144,84.69999695,Rep,8
571,26163589400,"Census Tract 5894, Wayne County, Michigan",5839,5672,4862,83.30000305,Rep,8
572,26163590400,"Census Tract 5904, Wayne County, Michigan",7151,6978,6666,93.19999695,Rep,8
573,26163590500,"Census Tract 5905, Wayne County, Michigan",6278,6111,5875,93.59999847,Rep,8
574,26163590600,"Census Tract 5906, Wayne County, Michigan",2450,2395,2236,91.30000305,Rep,8
575,26163591501,"Census Tract 5915.01, Wayne County, Michigan",3318,3233,2354,70.90000153,Rep,8
576,26163591502,"Census Tract 5915.02, Wayne County, Michigan",3094,3035,2310,74.69999695,Rep,8
577,26163591600,"Census Tract 5916, Wayne County, Michigan",1912,1870,1500,78.5,Rep,8
578,26163591700,"Census Tract 5917, Wayne County, Michigan",6321,6195,5381,85.09999847,Rep,8
579,26163591800,"Census Tract 5918, Wayne County, Michigan",6168,5984,4987,80.90000153,Rep,8
580,26163591900,"Census Tract 5919, Wayne County, Michigan",5463,5383,4915,90,Rep,16
581,26163592000,"Census Tract 5920, Wayne County, Michigan",4351,4290,3777,86.80000305,Rep,16
582,26163593000,"Census Tract 5930, Wayne County, Michigan",5582,5439,4856,87,Rep,16
583,26163593200,"Census Tract 5932, Wayne County, Michigan",3934,3880,3540,90,Rep,16
584,26163593300,"Census Tract 5933, Wayne County, Michigan",3359,3312,3051,90.80000305,Rep,16
585,26163594000,"Census Tract 5940, Wayne County, Michigan",2590,2554,2484,95.90000153,Rep,16
586,26163594100,"Census Tract 5941, Wayne County, Michigan",4388,4333,4236,96.5,Rep,16
587,26163594200,"Census Tract 5942, Wayne County, Michigan",2521,2490,2451,97.19999695,Rep,16
588,26163594300,"Census Tract 5943, Wayne County, Michigan",3273,3245,3190,97.5,Rep,16
589,26163594400,"Census Tract 5944, Wayne County, Michigan",2855,2783,2663,93.30000305,Rep,16
590,26163594500,"Census Tract 5945, Wayne County, Michigan",3226,3184,2985,92.5,Rep,16
591,26163595000,"Census Tract 5950, Wayne County, Michigan",3889,3821,3678,94.59999847,Rep,16
592,26163595100,"Census Tract 5951, Wayne County, Michigan",5649,5584,5162,91.40000153,Rep,16
593,26163595200,"Census Tract 5952, Wayne County, Michigan",2948,2920,2773,94.09999847,Rep,16
594,26163596100,"Census Tract 5961, Wayne County, Michigan",3656,3622,3522,96.30000305,Rep,16
595,26163596200,"Census Tract 5962, Wayne County, Michigan",4110,4067,3915,95.30000305,Rep,16
596,26163596300,"Census Tract 5963, Wayne County, Michigan",2605,2569,2470,94.80000305,Rep,16
597,26163597000,"Census Tract 5970, Wayne County, Michigan",4656,4583,4407,94.69999695,Rep,16
598,26163598000,"Census Tract 5980, Wayne County, Michigan",3289,3241,3111,94.59999847,Rep,16
599,26163599000,"Census Tract 5990, Wayne County, Michigan",5484,5305,4926,89.80000305,Rep,16
600,26163599100,"Census Tract 5991, Wayne County, Michigan",4394,4284,4074,92.69999695,Rep,16
601,26163985000,"Census Tract 9850, Wayne County, Michigan",44,44,13,29.5,Rep,16
602,26163985100,"Census Tract 9851, Wayne County, Michigan",123,122,26,21.10000038,Rep,16
603,26163985200,"Census Tract 9852, Wayne County, Michigan",1,1,0,0,Rep,16
604,26163985300,"Census Tract 9853, Wayne County, Michigan",4,4,2,50,Rep,16
605,26163985400,"Census Tract 9854, Wayne County, Michigan",9,9,9,100,Rep,16
606,26163985500,"Census Tract 9855, Wayne County, Michigan",11,11,5,45.5,Rep,16
607,26163985600,"Census Tract 9856, Wayne County, Michigan",0,0,0,NA,Rep,16
608,26163985700,"Census Tract 9857, Wayne County, Michigan",0,0,0,NA,Rep,16
609,26163985900,"Census Tract 9859, Wayne County, Michigan",0,0,0,NA,Rep,16
610,26163990100,"Census Tract 9901, Wayne County, Michigan",0,0,0,NA,Rep,16
611,26163990200,"Census Tract 9902, Wayne County, Michigan",0,0,0,NA,Rep,16
